ObjectID,TimeIndex,Direction,Node,Type
1,0,EW,SS,EK
1,0,NS,SS,CK
5,0,EW,SS,CK
5,0,NS,SS,CK
10,0,EW,SS,HK
10,0,NS,SS,NK
12,0,EW,SS,EK
12,0,NS,SS,CK
25,0,EW,SS,CK
25,0,NS,SS,CK
32,0,EW,SS,CK
32,0,NS,SS,CK
41,0,EW,SS,CK
41,0,NS,SS,CK
42,0,EW,SS,CK
42,0,NS,SS,CK
44,0,EW,SS,CK
44,0,NS,SS,CK
77,0,EW,SS,CK
77,0,NS,SS,CK
80,0,EW,SS,CK
80,0,NS,SS,CK
90,0,EW,SS,CK
90,0,NS,SS,NK
91,0,EW,SS,CK
91,0,NS,SS,CK
93,0,EW,SS,CK
93,0,NS,SS,CK
95,0,EW,SS,CK
95,0,NS,SS,CK
99,0,EW,SS,CK
99,0,NS,SS,CK
106,0,EW,SS,NK
106,0,NS,SS,NK
106,68,EW,AD,NK
106,74,EW,IK,HK
106,96,NS,IK,CK
107,0,EW,SS,NK
107,0,NS,SS,NK
107,67,EW,AD,NK
107,74,EW,IK,HK
107,96,NS,IK,HK
116,0,EW,SS,NK
116,0,NS,SS,NK
116,199,EW,AD,NK
116,206,EW,IK,HK
116,240,NS,IK,HK
119,0,EW,SS,NK
119,0,NS,SS,NK
119,594,EW,AD,NK
119,600,EW,IK,HK
119,625,NS,IK,CK
119,636,NS,IK,CK
124,0,EW,SS,NK
124,0,NS,SS,NK
124,366,EW,AD,NK
124,1199,EW,AD,NK
124,1725,EW,AD,NK
125,0,EW,SS,NK
125,0,NS,SS,NK
125,111,EW,AD,NK
125,582,EW,AD,NK
126,0,EW,SS,NK
126,0,NS,SS,NK
126,79,EW,AD,NK
126,86,EW,IK,CK
126,107,NS,IK,CK
126,897,NS,IK,HK
135,0,EW,SS,NK
135,0,NS,SS,NK
135,897,EW,AD,NK
135,911,EW,IK,CK
135,936,EW,IK,CK
135,1093,NS,IK,CK
135,1273,NS,IK,HK
139,0,EW,SS,NK
139,0,NS,SS,NK
139,1009,EW,AD,NK
139,1016,EW,IK,CK
139,1075,EW,IK,CK
139,1100,EW,IK,CK
147,0,EW,SS,CK
147,0,NS,SS,CK
147,1839,EW,ID,NK
158,0,EW,SS,CK
158,0,NS,SS,CK
158,1632,EW,ID,NK
158,1633,NS,ID,NK
158,1669,EW,ID,NK
158,1669,NS,ID,NK
158,1729,EW,ID,NK
158,1729,NS,ID,NK
160,0,EW,SS,CK
160,0,NS,SS,CK
160,2101,EW,ID,NK
160,2101,NS,ID,NK
163,0,EW,SS,CK
163,0,NS,SS,CK
163,469,EW,ID,NK
163,469,NS,ID,NK
163,493,EW,ID,NK
163,493,NS,ID,NK
171,0,EW,SS,CK
171,0,NS,SS,CK
171,157,EW,ID,NK
171,157,NS,ID,NK
171,209,EW,AD,NK
182,0,EW,SS,HK
182,0,NS,SS,HK
182,325,EW,ID,NK
182,325,NS,ID,NK
182,508,EW,AD,NK
193,0,EW,SS,HK
193,0,NS,SS,HK
193,421,EW,ID,NK
193,422,NS,ID,NK
202,0,EW,SS,HK
202,0,NS,SS,HK
202,325,EW,ID,NK
202,325,NS,ID,NK
202,508,EW,AD,NK
204,0,EW,SS,HK
204,0,NS,SS,HK
204,589,EW,ID,NK
204,589,NS,ID,NK
204,721,NS,ID,NK
204,722,EW,ID,NK
204,843,EW,AD,NK
206,0,EW,SS,HK
206,0,NS,SS,HK
206,830,EW,ID,NK
206,830,NS,ID,NK
206,889,EW,ID,NK
206,889,NS,ID,NK
206,1010,EW,AD,NK
209,0,EW,SS,HK
209,0,NS,SS,HK
209,1381,EW,ID,NK
209,1381,NS,ID,NK
209,1514,EW,AD,NK
224,0,EW,SS,EK
224,0,NS,SS,EK
226,0,EW,SS,CK
226,0,NS,SS,CK
231,0,EW,SS,EK
231,0,NS,SS,CK
232,0,EW,SS,CK
232,0,NS,SS,CK
232,568,NS,IK,CK
233,0,EW,SS,HK
233,0,NS,SS,CK
236,0,EW,SS,EK
236,0,NS,SS,EK
243,0,EW,SS,EK
243,0,NS,SS,CK
244,0,EW,SS,NK
244,0,NS,SS,NK
244,213,EW,AD,NK
244,220,EW,AD,NK
244,327,EW,AD,NK
244,355,EW,IK,HK
244,523,NS,IK,HK
245,0,EW,SS,CK
245,0,NS,SS,CK
247,0,EW,SS,EK
247,0,NS,SS,CK
262,0,EW,SS,EK
262,0,NS,SS,EK
262,74,EW,ID,NK
262,74,NS,ID,NK
262,1403,EW,AD,NK
262,1496,EW,AD,NK
262,1503,EW,IK,EK
267,0,EW,SS,EK
267,0,NS,SS,EK
267,194,EW,ID,NK
267,194,NS,ID,NK
267,590,EW,AD,NK
267,649,EW,AD,NK
267,662,EW,IK,EK
281,0,EW,SS,EK
281,0,NS,SS,EK
281,1093,EW,ID,NK
281,1093,NS,ID,NK
281,1696,EW,AD,NK
281,1946,EW,AD,NK
281,1953,EW,IK,EK
281,1995,NS,IK,EK
286,0,EW,SS,EK
286,0,NS,SS,EK
286,241,EW,ID,NK
286,241,NS,ID,NK
286,705,EW,AD,NK
286,861,EW,AD,NK
286,868,EW,IK,EK
286,912,NS,IK,EK
295,0,EW,SS,CK
295,0,NS,SS,EK
295,1165,EW,ID,NK
295,1165,NS,ID,NK
295,2030,EW,AD,NK
303,0,EW,SS,CK
303,0,NS,SS,EK
303,709,EW,ID,NK
303,709,NS,ID,NK
303,736,EW,AD,NK
303,973,EW,AD,NK
303,980,EW,IK,CK
303,985,NS,IK,CK
309,0,EW,SS,CK
309,0,NS,SS,EK
309,157,EW,ID,NK
309,157,NS,ID,NK
319,0,EW,SS,CK
319,0,NS,SS,EK
319,853,EW,ID,NK
319,925,EW,ID,NK
319,925,NS,ID,NK
319,1155,EW,AD,NK
326,0,EW,SS,EK
326,0,NS,SS,NK
326,521,NS,IK,EK
331,0,EW,SS,EK
331,0,NS,SS,NK
331,521,NS,IK,EK
342,0,EW,SS,EK
342,0,NS,SS,NK
342,521,NS,IK,EK
342,1189,EW,ID,NK
342,1189,NS,ID,NK
342,1422,EW,AD,NK
344,0,EW,SS,EK
344,0,NS,SS,NK
344,521,NS,IK,EK
344,1189,EW,ID,NK
344,1189,NS,ID,NK
344,1422,EW,AD,NK
347,0,EW,SS,EK
347,0,NS,SS,EK
347,1117,EW,ID,NK
347,1117,NS,ID,NK
351,0,EW,SS,EK
351,0,NS,SS,EK
351,1117,EW,ID,NK
351,1117,NS,ID,NK
351,1497,EW,AD,NK
359,0,EW,SS,NK
359,0,NS,SS,NK
359,893,EW,AD,NK
359,900,EW,IK,EK
359,932,NS,IK,EK
362,0,EW,SS,NK
362,0,NS,SS,NK
362,893,EW,AD,NK
362,900,EW,IK,EK
362,932,NS,IK,EK
362,1609,EW,ID,NK
362,1609,NS,ID,NK
363,0,EW,SS,EK
363,0,NS,SS,EK
365,0,EW,SS,EK
365,0,NS,SS,EK
365,1261,EW,ID,NK
365,1261,NS,ID,NK
370,0,EW,SS,EK
370,0,NS,SS,EK
370,649,EW,ID,NK
370,649,NS,ID,NK
370,773,EW,AD,NK
376,0,EW,SS,NK
376,0,NS,SS,NK
376,136,EW,AD,NK
376,142,EW,IK,EK
376,195,NS,IK,EK
378,0,EW,SS,NK
378,0,NS,SS,NK
378,123,EW,AD,NK
378,149,EW,AD,NK
378,156,EW,IK,EK
378,171,NS,ID,NK
380,0,EW,SS,NK
380,0,NS,SS,NK
380,136,EW,AD,NK
380,142,EW,IK,EK
380,195,NS,IK,EK
380,1081,EW,ID,NK
380,1081,NS,ID,NK
386,0,EW,SS,EK
386,0,NS,SS,CK
386,362,EW,ID,NK
386,362,NS,ID,NK
386,417,EW,AD,NK
388,0,EW,SS,EK
388,0,NS,SS,CK
388,362,EW,ID,NK
388,362,NS,ID,NK
388,417,EW,AD,NK
391,0,EW,SS,EK
391,0,NS,SS,CK
391,1237,EW,ID,NK
391,1237,NS,ID,NK
391,1267,EW,AD,NK
391,1326,EW,AD,NK
394,0,EW,SS,EK
394,0,NS,SS,CK
394,362,EW,ID,NK
394,362,NS,ID,NK
394,417,EW,AD,NK
394,463,EW,AD,NK
394,469,EW,IK,EK
394,600,NS,IK,CK
397,0,EW,SS,NK
397,0,NS,SS,NK
397,162,EW,AD,NK
397,168,EW,IK,EK
397,192,NS,IK,CK
398,0,EW,SS,NK
398,0,NS,SS,NK
398,91,EW,AD,NK
398,173,EW,AD,NK
398,180,EW,IK,EK
398,264,NS,IK,CK
400,0,EW,SS,NK
400,0,NS,SS,NK
400,162,EW,AD,NK
400,168,EW,IK,EK
400,192,NS,IK,CK
400,1609,EW,ID,NK
400,1609,NS,ID,NK
412,0,EW,SS,EK
412,0,NS,SS,CK
412,301,EW,ID,NK
412,301,NS,ID,NK
412,402,EW,AD,NK
412,425,EW,AD,NK
412,432,EW,IK,EK
412,473,NS,IK,CK
413,0,EW,SS,EK
413,0,NS,SS,CK
413,757,EW,ID,NK
413,757,NS,ID,NK
413,880,EW,AD,NK
413,940,EW,AD,NK
413,946,EW,IK,EK
413,952,NS,IK,CK
415,0,EW,SS,EK
415,0,NS,SS,CK
415,757,EW,ID,NK
415,757,NS,ID,NK
415,880,EW,AD,NK
415,940,EW,AD,NK
415,946,EW,IK,EK
415,952,NS,IK,CK
420,0,EW,SS,EK
420,0,NS,SS,EK
420,493,EW,ID,NK
420,493,NS,ID,NK
422,0,EW,SS,EK
422,0,NS,SS,EK
422,1069,EW,ID,NK
422,1069,NS,ID,NK
423,0,EW,SS,EK
423,0,NS,SS,EK
423,493,EW,ID,NK
423,493,NS,ID,NK
423,630,EW,AD,NK
435,0,EW,SS,NK
435,0,NS,SS,NK
435,137,EW,AD,NK
435,182,EW,AD,NK
435,196,EW,IK,EK
435,210,NS,IK,EK
437,0,EW,SS,NK
437,0,NS,SS,NK
437,149,EW,AD,NK
437,156,EW,IK,EK
437,198,NS,IK,EK
437,1837,EW,ID,NK
437,1837,NS,ID,NK
444,0,EW,SS,NK
444,0,NS,SS,NK
444,603,EW,AD,NK
444,809,EW,AD,NK
444,816,EW,IK,EK
444,845,NS,IK,EK
448,0,EW,SS,EK
448,0,NS,SS,EK
448,1093,EW,ID,NK
448,1093,NS,ID,NK
448,1696,EW,AD,NK
448,1946,EW,AD,NK
448,1953,EW,IK,EK
449,0,EW,SS,NK
449,0,NS,SS,NK
449,1028,EW,AD,NK
449,1085,EW,AD,NK
449,1092,EW,IK,EK
449,1132,NS,IK,EK
457,0,EW,SS,NK
457,0,NS,SS,NK
457,911,EW,AD,NK
457,1088,EW,AD,NK
457,1095,EW,IK,EK
457,1139,NS,IK,EK
458,0,EW,SS,NK
458,0,NS,SS,NK
458,115,EW,AD,NK
458,1673,EW,AD,NK
458,1680,EW,IK,EK
458,1720,NS,IK,EK
460,0,EW,SS,NK
460,0,NS,SS,NK
460,51,EW,AD,NK
460,1736,EW,AD,NK
460,1743,EW,IK,EK
460,1784,NS,IK,EK
461,0,EW,SS,CK
461,0,NS,SS,EK
461,709,EW,ID,NK
461,709,NS,ID,NK
461,736,EW,AD,NK
461,1069,EW,AD,NK
461,1075,EW,IK,CK
467,0,EW,SS,CK
467,0,NS,SS,EK
467,925,EW,ID,NK
467,925,NS,ID,NK
467,2063,EW,AD,NK
469,0,EW,SS,CK
469,0,NS,SS,EK
469,853,EW,ID,NK
469,853,NS,ID,NK
469,1395,EW,AD,NK
469,1630,EW,AD,NK
471,0,EW,SS,CK
471,0,NS,SS,EK
471,157,EW,ID,NK
471,157,NS,ID,NK
471,723,EW,AD,NK
471,925,EW,AD,NK
471,931,EW,IK,CK
471,940,NS,IK,EK
475,0,EW,SS,CK
475,0,NS,SS,EK
475,157,EW,ID,NK
475,157,NS,ID,NK
475,723,EW,AD,NK
475,925,EW,AD,NK
475,931,EW,IK,CK
475,940,NS,IK,EK
487,0,EW,SS,NK
487,0,NS,SS,NK
487,709,EW,AD,NK
487,944,EW,AD,NK
487,951,EW,IK,CK
487,959,NS,IK,EK
493,0,EW,SS,EK
493,0,NS,SS,NK
493,521,NS,IK,EK
493,985,EW,ID,NK
493,985,NS,ID,NK
493,1219,EW,AD,NK
493,1552,EW,AD,NK
494,0,EW,SS,EK
494,0,NS,SS,NK
494,521,NS,IK,EK
494,1189,EW,ID,NK
494,1189,NS,ID,NK
494,1422,EW,AD,NK
494,1782,EW,AD,NK
496,0,EW,SS,EK
496,0,NS,SS,NK
496,385,EW,ID,NK
496,548,EW,AD,NK
496,1002,EW,AD,NK
496,1009,EW,IK,EK
496,1044,NS,IK,EK
504,0,EW,SS,NK
504,0,NS,SS,NK
504,448,EW,AD,NK
504,455,EW,IK,EK
504,493,NS,IK,EK
509,0,EW,SS,NK
509,0,NS,SS,NK
509,307,EW,AD,NK
509,314,EW,IK,EK
509,337,NS,IK,EK
509,355,NS,IK,EK
515,0,EW,SS,HK
515,0,NS,SS,HK
515,685,EW,ID,NK
515,685,NS,ID,NK
532,0,EW,SS,NK
532,0,NS,SS,NK
532,1024,EW,AD,NK
532,1031,EW,IK,CK
532,1037,NS,IK,EK
538,0,EW,SS,NK
538,0,NS,SS,NK
538,1048,EW,AD,NK
538,1055,EW,IK,EK
538,1097,NS,IK,EK
545,0,EW,SS,NK
545,0,NS,SS,NK
545,1282,EW,AD,NK
545,1289,EW,IK,EK
545,1343,NS,IK,EK
550,0,EW,SS,NK
550,0,NS,SS,NK
550,206,EW,AD,NK
550,213,EW,IK,CK
550,219,NS,IK,EK
551,0,EW,SS,NK
551,0,NS,SS,NK
551,457,EW,AD,NK
551,463,EW,IK,CK
551,468,NS,IK,EK
554,0,EW,SS,NK
554,0,NS,SS,NK
554,1097,EW,AD,NK
554,1104,EW,IK,EK
554,1157,NS,IK,EK
562,0,EW,SS,NK
562,0,NS,SS,NK
562,233,EW,AD,NK
562,240,EW,IK,EK
562,271,NS,IK,EK
567,0,EW,SS,NK
567,0,NS,SS,NK
567,1133,EW,AD,NK
567,1139,EW,IK,EK
567,1173,NS,IK,EK
568,0,EW,SS,NK
568,0,NS,SS,NK
568,350,EW,AD,NK
568,356,EW,IK,EK
568,396,NS,IK,EK
576,0,EW,SS,NK
576,0,NS,SS,NK
576,99,EW,AD,NK
576,106,EW,IK,HK
576,129,NS,IK,HK
580,0,EW,SS,NK
580,0,NS,SS,NK
580,462,EW,AD,NK
580,468,EW,IK,EK
580,498,NS,IK,EK
586,0,EW,SS,NK
586,0,NS,SS,NK
586,444,EW,AD,NK
586,450,EW,IK,EK
586,491,NS,IK,EK
587,0,EW,SS,NK
587,0,NS,SS,NK
587,88,EW,AD,NK
587,94,EW,IK,CK
587,99,NS,IK,EK
591,0,EW,SS,NK
591,0,NS,SS,NK
591,1263,EW,AD,NK
591,1269,EW,IK,EK
591,1292,NS,IK,CK
593,0,EW,SS,NK
593,0,NS,SS,NK
593,362,EW,AD,NK
593,368,EW,IK,EK
593,408,NS,IK,EK
595,0,EW,SS,NK
595,0,NS,SS,NK
595,1055,EW,AD,NK
595,1061,EW,IK,EK
595,1102,NS,IK,EK
616,0,EW,SS,NK
616,0,NS,SS,NK
616,1120,EW,AD,NK
616,1127,EW,IK,CK
616,1133,NS,IK,EK
625,0,EW,SS,NK
625,0,NS,SS,NK
625,1024,EW,AD,NK
625,1031,EW,IK,CK
625,1037,NS,IK,EK
625,1837,EW,ID,NK
625,1837,NS,ID,NK
630,0,EW,SS,NK
630,0,NS,SS,NK
630,1037,EW,AD,NK
630,1043,EW,IK,EK
630,1061,NS,IK,CK
630,1993,EW,ID,NK
630,1993,NS,ID,NK
635,0,EW,SS,NK
635,0,NS,SS,NK
635,427,EW,AD,NK
635,433,EW,IK,CK
635,438,NS,IK,EK
635,1165,EW,ID,NK
635,1165,NS,ID,NK
637,0,EW,SS,NK
637,0,NS,SS,NK
637,1162,EW,AD,NK
637,1168,EW,IK,EK
637,1198,NS,IK,EK
637,1945,EW,ID,NK
637,1945,NS,ID,NK
639,0,EW,SS,NK
639,0,NS,SS,NK
639,414,EW,AD,NK
639,420,EW,IK,EK
639,438,NS,IK,CK
639,1441,EW,ID,NK
639,1441,NS,ID,NK
643,0,EW,SS,NK
643,0,NS,SS,NK
643,457,EW,AD,NK
643,463,EW,IK,CK
643,468,NS,IK,EK
643,1345,EW,ID,NK
643,1345,NS,ID,NK
647,0,EW,SS,NK
647,0,NS,SS,NK
647,1392,EW,AD,NK
647,1398,EW,IK,EK
647,1436,NS,IK,CK
647,2113,EW,ID,NK
647,2113,NS,ID,NK
650,0,EW,SS,NK
650,0,NS,SS,NK
650,311,EW,AD,NK
650,318,EW,IK,HK
650,332,NS,IK,HK
651,0,EW,SS,NK
651,0,NS,SS,NK
651,932,EW,AD,NK
651,938,EW,IK,EK
651,976,NS,IK,EK
651,1837,EW,ID,NK
651,1837,NS,ID,NK
652,0,EW,SS,NK
652,0,NS,SS,NK
652,1317,EW,AD,NK
652,1324,EW,IK,CK
652,1332,NS,IK,EK
652,1981,EW,ID,NK
652,1981,NS,ID,NK
669,0,EW,SS,NK
669,0,NS,SS,NK
669,269,EW,AD,NK
669,275,EW,IK,EK
669,318,NS,IK,EK
669,1261,EW,ID,NK
669,1261,NS,ID,NK
671,0,EW,SS,NK
671,0,NS,SS,NK
671,1161,EW,AD,NK
671,1168,EW,IK,EK
671,1209,NS,IK,EK
671,1969,EW,ID,NK
671,1969,NS,ID,NK
686,0,EW,SS,NK
686,0,NS,SS,NK
686,977,EW,AD,NK
686,983,EW,IK,EK
686,1037,NS,IK,EK
686,1981,EW,ID,NK
686,1981,NS,ID,NK
688,0,EW,SS,NK
688,0,NS,SS,NK
688,350,EW,AD,NK
688,357,EW,IK,EK
688,366,NS,IK,CK
688,1525,EW,ID,NK
688,1525,NS,ID,NK
700,0,EW,SS,NK
700,0,NS,SS,NK
700,491,EW,AD,NK
700,497,EW,IK,EK
700,539,NS,IK,EK
706,0,EW,SS,NK
706,0,NS,SS,NK
706,1310,EW,AD,NK
706,1317,EW,IK,EK
706,1352,NS,IK,CK
712,0,EW,SS,NK
712,0,NS,SS,NK
712,950,EW,AD,NK
712,957,EW,IK,EK
712,994,NS,IK,EK
722,0,EW,SS,NK
722,0,NS,SS,NK
722,1179,EW,AD,NK
722,1186,EW,IK,EK
722,1221,NS,IK,EK
723,0,EW,SS,NK
723,0,NS,SS,NK
723,348,EW,AD,NK
723,354,EW,IK,EK
723,384,NS,IK,EK
726,0,EW,SS,NK
726,0,NS,SS,NK
726,1037,EW,AD,NK
726,1043,EW,IK,EK
726,1061,NS,IK,CK
728,0,EW,SS,NK
728,0,NS,SS,NK
728,871,EW,AD,NK
728,878,EW,IK,HK
728,895,NS,IK,CK
736,0,EW,SS,NK
736,0,NS,SS,NK
736,402,EW,AD,NK
736,408,EW,IK,EK
736,450,NS,IK,EK
738,0,EW,SS,NK
738,0,NS,SS,NK
738,563,EW,IK,EK
738,570,EW,IK,EK
738,611,NS,IK,EK
739,0,EW,SS,NK
739,0,NS,SS,NK
739,206,EW,AD,NK
739,213,EW,IK,CK
739,219,NS,IK,EK
750,0,EW,SS,NK
750,0,NS,SS,NK
750,873,EW,AD,NK
750,879,EW,IK,EK
750,916,NS,IK,EK
758,0,EW,SS,NK
758,0,NS,SS,NK
758,1418,EW,AD,NK
758,1424,EW,IK,CK
758,1428,NS,IK,EK
770,0,EW,SS,NK
770,0,NS,SS,NK
770,583,EW,AD,NK
770,589,EW,IK,EK
770,642,NS,IK,EK
781,0,EW,SS,NK
781,0,NS,SS,NK
781,350,EW,AD,NK
781,357,EW,IK,EK
781,366,NS,IK,CK
787,0,EW,SS,NK
787,0,NS,SS,NK
787,356,EW,AD,NK
787,363,EW,IK,EK
787,390,NS,IK,EK
796,0,EW,SS,NK
796,0,NS,SS,NK
796,539,EW,AD,NK
796,546,EW,IK,EK
796,581,NS,IK,EK
796,1429,EW,ID,NK
796,1429,NS,ID,NK
813,0,EW,SS,NK
813,0,NS,SS,NK
813,775,EW,AD,NK
813,781,EW,IK,CK
813,788,NS,IK,EK
813,1237,EW,ID,NK
813,1237,NS,ID,NK
819,0,EW,SS,NK
819,0,NS,SS,NK
819,1037,EW,AD,NK
819,1043,EW,IK,EK
819,1061,NS,IK,CK
819,1993,EW,ID,NK
819,1993,NS,ID,NK
821,0,EW,SS,NK
821,0,NS,SS,NK
821,871,EW,AD,NK
821,878,EW,IK,HK
821,931,NS,IK,HK
821,1957,EW,ID,NK
821,1957,NS,ID,NK
822,0,EW,SS,NK
822,0,NS,SS,NK
822,317,EW,AD,NK
822,323,EW,IK,EK
822,366,NS,IK,EK
822,985,EW,ID,NK
822,985,NS,ID,NK
824,0,EW,SS,NK
824,0,NS,SS,NK
824,427,EW,AD,NK
824,433,EW,IK,CK
824,438,NS,IK,EK
824,1165,EW,ID,NK
824,1165,NS,ID,NK
837,0,EW,SS,NK
837,0,NS,SS,NK
837,1097,EW,AD,NK
837,1104,EW,IK,EK
837,1157,NS,IK,EK
837,2101,EW,ID,NK
837,2101,NS,ID,NK
838,0,EW,SS,NK
838,0,NS,SS,NK
838,1392,EW,AD,NK
838,1398,EW,IK,EK
838,1436,NS,IK,CK
838,2113,EW,ID,NK
838,2113,NS,ID,NK
839,0,EW,SS,NK
839,0,NS,SS,NK
839,470,EW,AD,NK
839,477,EW,IK,EK
839,486,NS,IK,CK
839,1585,EW,ID,NK
839,1585,NS,ID,NK
841,0,EW,SS,NK
841,0,NS,SS,NK
841,312,EW,AD,NK
841,318,EW,IK,HK
841,332,NS,IK,HK
841,2100,NS,ID,NK
841,2101,EW,ID,NK
842,0,EW,SS,NK
842,0,NS,SS,NK
842,932,EW,AD,NK
842,938,EW,IK,EK
842,976,NS,IK,EK
842,1837,EW,ID,NK
842,1837,NS,ID,NK
847,0,EW,SS,NK
847,0,NS,SS,NK
847,354,EW,AD,NK
847,361,EW,IK,EK
847,415,NS,IK,EK
847,1225,EW,ID,NK
847,1226,NS,ID,NK
849,0,EW,SS,NK
849,0,NS,SS,NK
849,1029,EW,AD,NK
849,1035,EW,IK,EK
849,1061,NS,IK,CK
849,1969,EW,ID,NK
849,1969,NS,ID,NK
850,0,EW,SS,NK
850,0,NS,SS,NK
850,1017,EW,AD,NK
850,1024,EW,IK,EK
850,1066,NS,IK,EK
850,1969,EW,ID,NK
850,1969,NS,ID,NK
865,0,EW,SS,NK
865,0,NS,SS,NK
865,583,EW,AD,NK
865,589,EW,IK,EK
865,642,NS,IK,EK
865,1741,EW,ID,NK
865,1741,NS,ID,NK
868,0,EW,SS,NK
868,0,NS,SS,NK
868,1246,EW,AD,NK
868,1253,EW,IK,EK
868,1294,NS,IK,EK
868,2101,EW,ID,NK
868,2101,NS,ID,NK
870,0,EW,SS,NK
870,0,NS,SS,NK
870,444,EW,AD,NK
870,450,EW,IK,EK
870,491,NS,IK,EK
870,1093,EW,ID,NK
870,1093,NS,ID,NK
882,0,EW,SS,NK
882,0,NS,SS,NK
882,1166,EW,AD,NK
882,1172,EW,IK,CK
882,1174,NS,IK,EK
882,1813,EW,ID,NK
882,1813,NS,ID,NK
885,0,EW,SS,NK
885,0,NS,SS,NK
885,477,EW,AD,NK
885,484,EW,IK,EK
885,541,NS,IK,EK
885,1777,EW,ID,NK
885,1777,NS,ID,NK
892,0,EW,SS,NK
892,0,NS,SS,NK
892,41,EW,AD,NK
892,84,EW,IK,CK
892,133,NS,IK,CK
896,0,EW,SS,NK
896,0,NS,SS,NK
896,481,EW,AD,NK
896,564,EW,IK,CK
896,667,NS,IK,CK
898,0,EW,SS,NK
898,0,NS,SS,NK
898,1166,EW,AD,NK
898,1212,EW,IK,CK
898,1338,NS,IK,CK
902,0,EW,SS,NK
902,0,NS,SS,NK
902,1039,EW,AD,NK
902,1046,EW,IK,CK
902,1469,NS,IK,CK
902,1625,NS,IK,CK
911,0,EW,SS,NK
911,0,NS,SS,NK
911,899,EW,AD,NK
911,905,EW,IK,CK
911,932,NS,IK,CK
940,0,EW,SS,NK
940,0,NS,SS,NK
940,777,EW,AD,NK
940,785,EW,IK,HK
940,913,NS,IK,HK
942,0,EW,SS,NK
942,0,NS,SS,NK
942,1345,EW,AD,NK
942,1352,EW,IK,CK
942,1359,EW,IK,HK
942,1378,NS,IK,HK
953,0,EW,SS,NK
953,0,NS,SS,NK
953,989,EW,AD,NK
953,996,EW,IK,EK
953,1013,NS,IK,CK
961,0,EW,SS,NK
961,0,NS,SS,NK
961,906,EW,AD,NK
961,912,EW,IK,CK
961,927,NS,IK,CK
969,0,EW,SS,NK
969,0,NS,SS,NK
969,882,EW,AD,NK
969,888,EW,IK,CK
969,924,NS,IK,CK
974,0,EW,SS,NK
974,0,NS,SS,NK
974,312,EW,AD,NK
974,324,EW,IK,CK
974,358,NS,IK,CK
977,0,EW,SS,NK
977,0,NS,SS,NK
977,1444,EW,AD,NK
977,1450,EW,IK,CK
977,1471,NS,IK,CK
984,0,EW,SS,NK
984,0,NS,SS,NK
984,41,EW,AD,NK
984,84,EW,IK,CK
984,133,NS,IK,CK
984,1318,NS,ID,NK
989,0,EW,SS,NK
989,0,NS,SS,NK
989,481,EW,AD,NK
989,564,EW,IK,CK
989,667,NS,IK,CK
989,1518,NS,ID,NK
992,0,EW,SS,NK
992,0,NS,SS,NK
992,63,EW,AD,NK
992,120,EW,IK,CK
992,249,NS,IK,CK
992,1589,NS,ID,NK
1006,0,EW,SS,NK
1006,0,NS,SS,NK
1006,1607,EW,AD,NK
1006,1614,EW,IK,CK
1015,0,EW,SS,NK
1015,0,NS,SS,NK
1015,52,EW,AD,NK
1015,84,EW,IK,HK
1015,147,NS,IK,HK
1015,1596,NS,ID,NK
1018,0,EW,SS,NK
1018,0,NS,SS,NK
1018,741,EW,AD,NK
1018,748,EW,IK,HK
1018,782,NS,IK,HK
1018,1859,NS,ID,NK
1019,0,EW,SS,NK
1019,0,NS,SS,NK
1019,1440,EW,AD,NK
1019,1447,EW,IK,HK
1019,1473,NS,IK,HK
1019,1989,NS,ID,NK
1020,0,EW,SS,NK
1020,0,NS,SS,NK
1020,443,EW,AD,NK
1020,449,EW,IK,HK
1020,468,NS,IK,HK
1020,2012,NS,ID,NK
1024,0,EW,SS,NK
1024,0,NS,SS,NK
1024,787,EW,AD,NK
1024,793,EW,IK,HK
1024,808,NS,IK,HK
1024,1802,NS,ID,NK
1025,0,EW,SS,NK
1025,0,NS,SS,NK
1025,1406,EW,AD,NK
1025,1412,EW,IK,HK
1025,1431,NS,IK,HK
1025,1862,NS,ID,NK
1026,0,EW,SS,NK
1026,0,NS,SS,NK
1026,864,EW,AD,NK
1026,870,EW,IK,HK
1026,892,NS,IK,HK
1026,1874,NS,ID,NK
1028,0,EW,SS,NK
1028,0,NS,SS,NK
1028,1137,EW,AD,NK
1028,1144,EW,IK,HK
1028,1167,NS,IK,HK
1028,1575,NS,ID,NK
1029,0,EW,SS,NK
1029,0,NS,SS,NK
1029,318,EW,AD,NK
1029,325,EW,IK,HK
1029,435,NS,IK,HK
1029,1943,NS,ID,NK
1030,0,EW,SS,NK
1030,0,NS,SS,NK
1030,65,EW,AD,NK
1030,71,EW,IK,HK
1030,435,NS,IK,HK
1030,1440,NS,ID,NK
1034,0,EW,SS,NK
1034,0,NS,SS,NK
1034,1345,EW,AD,NK
1034,1352,EW,IK,HK
1034,1359,EW,IK,HK
1034,1378,NS,IK,HK
1034,1797,NS,ID,NK
1037,0,EW,SS,NK
1037,0,NS,SS,NK
1037,1003,EW,AD,NK
1037,1010,EW,IK,HK
1037,1031,NS,IK,HK
1037,1774,NS,ID,NK
1039,0,EW,SS,NK
1039,0,NS,SS,NK
1039,111,EW,AD,NK
1039,162,EW,IK,HK
1039,299,NS,IK,HK
1039,1461,NS,ID,NK
1052,0,EW,SS,NK
1052,0,NS,SS,NK
1052,906,EW,AD,NK
1052,912,EW,IK,CK
1052,927,NS,IK,CK
1052,1574,NS,ID,NK
1053,0,EW,SS,NK
1053,0,NS,SS,NK
1053,1550,EW,AD,NK
1053,1556,EW,IK,CK
1053,1573,NS,IK,CK
1062,0,EW,SS,NK
1062,0,NS,SS,NK
1062,909,EW,AD,NK
1062,916,EW,IK,CK
1062,1051,NS,IK,CK
1062,1722,NS,IK,CK
1062,1890,NS,ID,NK
1064,0,EW,SS,NK
1064,0,NS,SS,NK
1064,1527,EW,AD,NK
1064,1534,EW,IK,CK
1064,1554,NS,IK,CK
1064,1961,NS,ID,NK
1075,0,EW,SS,NK
1075,0,NS,SS,NK
1075,364,EW,AD,NK
1075,396,EW,IK,CK
1075,456,NS,IK,CK
1075,946,NS,IK,HK
1075,1585,EW,ID,NK
1075,1585,NS,ID,NK
1076,0,EW,SS,NK
1076,0,NS,SS,NK
1076,41,EW,AD,NK
1076,84,EW,IK,CK
1076,133,NS,IK,CK
1076,1405,EW,ID,NK
1076,1405,NS,ID,NK
1080,0,EW,SS,NK
1080,0,NS,SS,NK
1080,331,EW,AD,NK
1080,338,EW,IK,CK
1080,348,NS,IK,CK
1080,1237,EW,ID,NK
1080,1237,NS,ID,NK
1084,0,EW,SS,NK
1084,0,NS,SS,NK
1084,1486,EW,AD,NK
1084,1505,NS,IK,CK
1084,1525,EW,IK,CK
1084,1649,NS,IK,CK
1084,2113,EW,ID,NK
1084,2113,NS,ID,NK
1086,0,EW,SS,NK
1086,0,NS,SS,NK
1086,1039,EW,AD,NK
1086,1046,EW,IK,CK
1086,1469,NS,IK,CK
1086,1625,NS,IK,CK
1086,2089,EW,ID,NK
1086,2089,NS,ID,NK
1095,0,EW,SS,NK
1095,0,NS,SS,NK
1095,375,EW,AD,NK
1095,381,EW,IK,CK
1095,429,NS,IK,CK
1095,1513,EW,ID,NK
1095,1513,NS,ID,NK
1107,0,EW,SS,NK
1107,0,NS,SS,NK
1107,1345,EW,AD,NK
1107,1351,EW,IK,CK
1107,1945,EW,ID,NK
1108,0,EW,SS,NK
1108,0,NS,SS,NK
1108,1442,EW,AD,NK
1108,1449,EW,IK,CK
1108,1512,EW,IK,CK
1108,1981,EW,ID,NK
1109,0,EW,SS,NK
1109,0,NS,SS,NK
1109,28,EW,AD,NK
1109,35,EW,IK,CK
1109,310,NS,IK,CK
1109,1477,EW,ID,NK
1109,1477,NS,ID,NK
1114,0,EW,SS,NK
1114,0,NS,SS,NK
1114,741,EW,AD,NK
1114,748,EW,IK,HK
1114,782,NS,IK,HK
1114,1837,EW,ID,NK
1114,1837,NS,ID,NK
1120,0,EW,SS,NK
1120,0,NS,SS,NK
1120,787,EW,AD,NK
1120,793,EW,IK,HK
1120,808,NS,IK,HK
1120,1849,EW,ID,NK
1120,1849,NS,ID,NK
1121,0,EW,SS,NK
1121,0,NS,SS,NK
1121,1406,EW,AD,NK
1121,1412,EW,IK,HK
1121,1431,NS,IK,HK
1121,2137,EW,ID,NK
1121,2137,NS,ID,NK
1124,0,EW,SS,NK
1124,0,NS,SS,NK
1124,1137,EW,AD,NK
1124,1144,EW,IK,HK
1124,1167,NS,IK,HK
1124,1885,EW,ID,NK
1124,1885,NS,ID,NK
1125,0,EW,SS,NK
1125,0,NS,SS,NK
1125,318,EW,AD,NK
1125,325,EW,IK,HK
1125,435,NS,IK,HK
1125,1405,EW,ID,NK
1125,1405,NS,ID,NK
1127,0,EW,SS,NK
1127,0,NS,SS,NK
1127,512,EW,AD,NK
1127,519,EW,IK,HK
1127,530,NS,IK,HK
1127,1417,EW,ID,NK
1127,1417,NS,ID,NK
1130,0,EW,SS,NK
1130,0,NS,SS,NK
1130,1345,EW,AD,NK
1130,1352,EW,IK,CK
1130,1359,EW,IK,HK
1130,1378,NS,IK,HK
1130,1981,EW,ID,NK
1130,1981,NS,ID,NK
1131,0,EW,SS,NK
1131,0,NS,SS,NK
1131,324,EW,AD,NK
1131,331,EW,IK,HK
1131,337,NS,IK,HK
1131,1237,EW,ID,NK
1131,1237,NS,ID,NK
1132,0,EW,SS,NK
1132,0,NS,SS,NK
1132,306,EW,AD,NK
1132,314,EW,IK,HK
1132,325,NS,IK,HK
1132,1369,EW,ID,NK
1132,1369,NS,ID,NK
1133,0,EW,SS,NK
1133,0,NS,SS,NK
1133,1003,EW,AD,NK
1133,1010,EW,IK,HK
1133,1031,NS,IK,HK
1133,1957,EW,ID,NK
1133,1957,NS,ID,NK
1134,0,EW,SS,NK
1134,0,NS,SS,NK
1134,488,EW,AD,NK
1134,502,EW,IK,HK
1134,505,NS,IK,HK
1134,1573,EW,ID,NK
1134,1573,NS,ID,NK
1135,0,EW,SS,NK
1135,0,NS,SS,NK
1135,574,EW,AD,NK
1135,581,EW,IK,HK
1135,599,NS,IK,HK
1135,1393,EW,ID,NK
1135,1393,NS,ID,NK
1136,0,EW,SS,NK
1136,0,NS,SS,NK
1136,101,EW,AD,NK
1136,120,NS,IK,CK
1136,162,EW,IK,HK
1136,299,NS,IK,HK
1136,997,EW,ID,NK
1136,997,NS,ID,NK
1137,0,EW,SS,NK
1137,0,NS,SS,NK
1137,1228,EW,AD,NK
1137,1236,EW,IK,HK
1137,1254,EW,IK,HK
1137,1389,NS,IK,HK
1137,1861,EW,ID,NK
1137,1861,NS,ID,NK
1141,0,EW,SS,NK
1141,0,NS,SS,NK
1141,1858,EW,AD,NK
1141,1864,EW,IK,EK
1141,1899,NS,IK,CK
1141,2149,EW,ID,NK
1141,2149,NS,ID,NK
1142,0,EW,SS,NK
1142,0,NS,SS,NK
1142,1728,EW,AD,NK
1142,1735,EW,IK,EK
1142,1755,NS,IK,CK
1142,2149,EW,ID,NK
1142,2149,NS,ID,NK
1146,0,EW,SS,NK
1146,0,NS,SS,NK
1146,852,EW,AD,NK
1146,858,EW,IK,CK
1146,914,NS,IK,CK
1146,2017,EW,ID,NK
1146,2017,NS,ID,NK
1151,0,EW,SS,NK
1151,0,NS,SS,NK
1151,995,EW,AD,NK
1151,1002,EW,IK,CK
1151,1023,NS,IK,CK
1151,1801,EW,ID,NK
1151,1801,NS,ID,NK
1152,0,EW,SS,NK
1152,0,NS,SS,NK
1152,1228,EW,AD,NK
1152,1235,EW,IK,CK
1152,1260,NS,IK,CK
1152,1765,EW,ID,NK
1152,1765,NS,ID,NK
1154,0,EW,SS,NK
1154,0,NS,SS,NK
1154,425,EW,AD,NK
1154,432,EW,IK,CK
1154,470,NS,IK,CK
1154,1333,EW,ID,NK
1154,1333,NS,ID,NK
1155,0,EW,SS,NK
1155,0,NS,SS,NK
1155,882,EW,AD,NK
1155,888,EW,IK,CK
1155,924,NS,IK,CK
1155,1705,EW,ID,NK
1155,1705,NS,ID,NK
1159,0,EW,SS,NK
1159,0,NS,SS,NK
1159,1263,EW,AD,NK
1159,1270,EW,IK,CK
1159,1279,NS,IK,CK
1159,1801,EW,ID,NK
1159,1801,NS,ID,NK
1164,0,EW,SS,NK
1164,0,NS,SS,NK
1164,1343,EW,AD,NK
1164,1350,EW,IK,CK
1164,1375,NS,IK,CK
1164,2029,EW,ID,NK
1164,2029,NS,ID,NK
1165,0,EW,SS,NK
1165,0,NS,SS,NK
1165,1444,EW,AD,NK
1165,1450,EW,IK,CK
1165,1471,NS,IK,CK
1165,2077,EW,ID,NK
1165,2077,NS,ID,NK
1168,0,EW,SS,CK
1168,0,NS,SS,CK
1171,0,EW,SS,CK
1171,0,NS,SS,CK
1183,0,EW,SS,CK
1183,0,NS,SS,CK
1184,0,EW,SS,CK
1184,0,NS,SS,CK
1197,0,EW,SS,CK
1197,0,NS,SS,CK
1198,0,EW,SS,CK
1198,0,NS,SS,CK
1206,0,EW,SS,CK
1206,0,NS,SS,CK
1210,0,EW,SS,CK
1210,0,NS,SS,CK
1212,0,EW,SS,CK
1212,0,NS,SS,CK
1215,0,EW,SS,CK
1215,0,NS,SS,CK
1230,0,EW,SS,EK
1230,0,NS,SS,CK
1232,0,EW,SS,EK
1232,0,NS,SS,CK
1237,0,EW,SS,CK
1237,0,NS,SS,CK
1240,0,EW,SS,CK
1240,0,NS,SS,CK
1246,0,EW,SS,CK
1246,0,NS,SS,CK
1248,0,EW,SS,CK
1248,0,NS,SS,CK
1249,0,EW,SS,CK
1249,0,NS,SS,CK
1253,0,EW,SS,CK
1253,0,NS,SS,CK
1257,0,EW,SS,CK
1257,0,NS,SS,CK
1262,0,EW,SS,NK
1262,0,NS,SS,NK
1262,196,EW,AD,NK
1262,203,EW,IK,CK
1262,228,NS,IK,CK
1262,1729,EW,ID,NK
1262,1729,NS,ID,NK
1268,0,EW,SS,NK
1268,0,NS,SS,NK
1268,331,EW,AD,NK
1268,338,EW,IK,CK
1268,348,NS,IK,CK
1268,1237,EW,ID,NK
1268,1237,NS,ID,NK
1282,0,EW,SS,NK
1282,0,NS,SS,NK
1282,899,EW,AD,NK
1282,905,EW,IK,CK
1282,932,NS,IK,CK
1282,1873,EW,ID,NK
1282,1873,NS,ID,NK
1289,0,EW,SS,NK
1289,0,NS,SS,NK
1289,1379,EW,AD,NK
1289,1386,EW,IK,CK
1289,1409,NS,IK,CK
1289,2017,EW,ID,NK
1289,2017,NS,ID,NK
1290,0,EW,SS,NK
1290,0,NS,SS,NK
1290,1221,EW,AD,NK
1290,1228,EW,IK,CK
1290,1897,EW,ID,NK
1310,0,EW,SS,NK
1310,0,NS,SS,NK
1310,777,EW,AD,NK
1310,785,EW,IK,HK
1310,913,NS,IK,HK
1310,1633,EW,ID,NK
1310,1633,NS,ID,NK
1321,0,EW,SS,NK
1321,0,NS,SS,NK
1321,257,EW,AD,NK
1321,263,EW,IK,HK
1321,288,NS,IK,HK
1321,1465,EW,ID,NK
1321,1465,NS,ID,NK
1322,0,EW,SS,NK
1322,0,NS,SS,NK
1322,645,EW,AD,NK
1322,652,EW,IK,EK
1322,666,NS,IK,CK
1322,1561,EW,ID,NK
1322,1561,NS,ID,NK
1325,0,EW,SS,NK
1325,0,NS,SS,NK
1325,217,EW,AD,NK
1325,223,EW,IK,EK
1325,259,NS,IK,CK
1325,1057,EW,ID,NK
1325,1057,NS,ID,NK
1335,0,EW,SS,NK
1335,0,NS,SS,NK
1335,995,EW,AD,NK
1335,1002,EW,IK,CK
1335,1023,NS,IK,CK
1335,1801,EW,ID,NK
1335,1801,NS,ID,NK
1339,0,EW,SS,NK
1339,0,NS,SS,NK
1339,882,EW,AD,NK
1339,888,EW,IK,CK
1339,924,NS,IK,CK
1339,1705,EW,ID,NK
1339,1705,NS,ID,NK
1341,0,EW,SS,NK
1341,0,NS,SS,NK
1341,385,EW,AD,NK
1341,391,EW,IK,CK
1341,417,NS,IK,CK
1341,1765,EW,ID,NK
1341,1765,NS,ID,NK
1343,0,EW,SS,NK
1343,0,NS,SS,NK
1343,1263,EW,AD,NK
1343,1270,EW,IK,CK
1343,1279,NS,IK,CK
1343,1801,EW,ID,NK
1343,1801,NS,ID,NK
1345,0,EW,SS,NK
1345,0,NS,SS,NK
1345,1596,EW,AD,NK
1345,1603,EW,IK,CK
1345,1626,NS,IK,CK
1345,2149,EW,ID,NK
1345,2149,NS,ID,NK
1348,0,EW,SS,NK
1348,0,NS,SS,NK
1348,1343,EW,AD,NK
1348,1350,EW,IK,CK
1348,1375,NS,IK,CK
1348,2029,EW,ID,NK
1348,2029,NS,ID,NK
1349,0,EW,SS,NK
1349,0,NS,SS,NK
1349,1444,EW,AD,NK
1349,1450,EW,IK,CK
1349,1471,NS,IK,CK
1349,2077,EW,ID,NK
1349,2077,NS,ID,NK
1359,0,EW,SS,NK
1359,0,NS,SS,NK
1359,1156,EW,AD,NK
1359,1162,EW,IK,CK
1359,1198,NS,IK,CK
1359,1653,NS,ID,NK
1359,1855,EW,ID,NK
1359,1861,EW,ID,NK
1360,0,EW,SS,NK
1360,0,NS,SS,NK
1360,331,EW,AD,NK
1360,338,EW,IK,CK
1360,348,NS,IK,CK
1360,1653,NS,ID,NK
1360,1970,EW,ID,NK
1364,0,EW,SS,NK
1364,0,NS,SS,NK
1364,63,EW,AD,NK
1364,120,EW,IK,CK
1364,249,NS,IK,CK
1364,1589,NS,ID,NK
1364,1837,EW,ID,NK
1368,0,EW,SS,NK
1368,0,NS,SS,NK
1368,1644,EW,AD,NK
1368,1651,EW,IK,CK
1368,2125,EW,ID,NK
1368,2125,NS,ID,NK
1371,0,EW,SS,NK
1371,0,NS,SS,NK
1371,325,EW,AD,NK
1371,331,EW,IK,CK
1371,349,NS,IK,CK
1371,1271,NS,ID,NK
1371,1573,EW,ID,NK
1371,1574,NS,ID,NK
1374,0,EW,SS,NK
1374,0,NS,SS,NK
1374,488,EW,AD,NK
1374,494,EW,IK,CK
1374,660,NS,IK,CK
1374,1773,NS,ID,NK
1374,2077,EW,ID,NK
1387,0,EW,SS,NK
1387,0,NS,SS,NK
1387,28,EW,AD,NK
1387,35,EW,IK,CK
1387,310,NS,IK,CK
1387,1148,NS,ID,NK
1387,1777,EW,ID,NK
1390,0,EW,SS,NK
1390,0,NS,SS,NK
1390,524,EW,AD,NK
1390,531,EW,IK,HK
1390,542,NS,IK,HK
1390,1787,NS,ID,NK
1390,1969,EW,ID,NK
1391,0,EW,SS,NK
1391,0,NS,SS,NK
1391,765,EW,AD,NK
1391,771,EW,IK,HK
1391,794,NS,IK,HK
1391,1931,NS,ID,NK
1391,2125,EW,ID,NK
1392,0,EW,SS,NK
1392,0,NS,SS,NK
1392,741,EW,AD,NK
1392,748,EW,IK,HK
1392,782,NS,IK,HK
1392,1859,NS,ID,NK
1392,2077,EW,ID,NK
1393,0,EW,SS,NK
1393,0,NS,SS,NK
1393,1440,EW,AD,NK
1393,1447,EW,IK,HK
1393,1473,NS,IK,HK
1393,1989,NS,ID,NK
1393,2113,EW,ID,NK
1402,0,EW,SS,NK
1402,0,NS,SS,NK
1402,65,EW,AD,NK
1402,71,EW,IK,HK
1402,435,NS,IK,HK
1402,1440,NS,ID,NK
1402,1681,EW,ID,NK
1419,0,EW,SS,NK
1419,0,NS,SS,NK
1419,1026,EW,AD,NK
1419,1033,EW,IK,CK
1419,1082,NS,IK,CK
1419,1932,NS,ID,NK
1419,2041,EW,ID,NK
1421,0,EW,SS,NK
1421,0,NS,SS,NK
1421,621,EW,AD,NK
1421,627,EW,IK,CK
1421,639,NS,IK,CK
1421,1740,NS,ID,NK
1421,1969,EW,ID,NK
1422,0,EW,SS,NK
1422,0,NS,SS,NK
1422,658,EW,AD,NK
1422,664,EW,IK,HK
1422,675,NS,IK,HK
1422,1513,NS,ID,NK
1422,1789,EW,ID,NK
1422,1789,NS,ID,NK
1429,0,EW,SS,NK
1429,0,NS,SS,NK
1429,1228,EW,AD,NK
1429,1235,EW,IK,CK
1429,1260,NS,IK,CK
1429,2065,EW,ID,NK
1429,2065,NS,ID,NK
1438,0,EW,SS,NK
1438,0,NS,SS,NK
1438,815,EW,AD,NK
1438,821,EW,IK,CK
1438,836,NS,IK,CK
1438,1661,NS,ID,NK
1438,1813,EW,ID,NK
1443,0,EW,SS,NK
1443,0,NS,SS,NK
1443,196,EW,AD,NK
1443,203,EW,IK,CK
1443,228,NS,IK,CK
1443,1019,NS,ID,NK
1444,0,EW,SS,NK
1444,0,NS,SS,NK
1444,1014,EW,AD,NK
1444,1021,EW,IK,CK
1444,1042,NS,IK,CK
1444,1808,NS,ID,NK
1446,0,EW,SS,NK
1446,0,NS,SS,NK
1446,41,EW,AD,NK
1446,84,EW,IK,CK
1446,133,NS,IK,CK
1446,984,NS,ID,NK
1452,0,EW,SS,NK
1452,0,NS,SS,NK
1452,1029,EW,AD,NK
1452,1035,EW,IK,CK
1452,1050,NS,IK,CK
1452,1984,NS,ID,NK
1458,0,EW,SS,NK
1458,0,NS,SS,NK
1458,1644,EW,AD,NK
1458,1651,EW,IK,CK
1458,1673,NS,IK,CK
1460,0,EW,SS,NK
1460,0,NS,SS,NK
1460,325,EW,AD,NK
1460,331,EW,IK,CK
1460,349,NS,IK,CK
1460,1606,NS,ID,NK
1467,0,EW,SS,NK
1467,0,NS,SS,NK
1467,574,EW,AD,NK
1467,581,EW,IK,CK
1467,607,NS,IK,CK
1467,1995,NS,ID,NK
1469,0,EW,SS,NK
1469,0,NS,SS,NK
1469,1078,EW,AD,NK
1469,1085,EW,IK,CK
1469,1097,NS,IK,CK
1469,2007,NS,ID,NK
1472,0,EW,SS,NK
1472,0,NS,SS,NK
1472,813,EW,AD,NK
1472,821,EW,IK,CK
1472,840,EW,IK,CK
1472,920,NS,IK,CK
1472,1926,NS,ID,NK
1495,0,EW,SS,NK
1495,0,NS,SS,NK
1495,728,EW,AD,NK
1495,735,EW,IK,CK
1495,762,EW,IK,HK
1495,1105,NS,IK,HK
1495,1800,NS,ID,NK
1496,0,EW,SS,NK
1496,0,NS,SS,NK
1496,1345,EW,AD,NK
1496,1352,EW,IK,CK
1496,1359,EW,IK,HK
1496,1378,NS,IK,HK
1496,1870,NS,ID,NK
1510,0,EW,SS,NK
1510,0,NS,SS,NK
1510,1704,EW,AD,NK
1510,1711,EW,IK,CK
1510,1728,NS,IK,CK
1514,0,EW,SS,NK
1514,0,NS,SS,NK
1514,1550,EW,AD,NK
1514,1556,EW,IK,CK
1514,1573,NS,IK,CK
1514,2017,NS,ID,NK
1518,0,EW,SS,NK
1518,0,NS,SS,NK
1518,1228,EW,AD,NK
1518,1235,EW,IK,CK
1530,0,EW,SS,NK
1530,0,NS,SS,NK
1530,27,EW,AD,NK
1530,72,EW,IK,CK
1530,118,NS,IK,CK
1530,1735,NS,ID,NK
1534,0,EW,SS,CK
1534,0,NS,SS,CK
1534,1159,NS,ID,NK
1539,0,EW,SS,CK
1539,0,NS,SS,CK
1539,621,NS,ID,NK
1540,0,EW,SS,CK
1540,0,NS,SS,CK
1540,1063,NS,ID,NK
1544,0,EW,SS,CK
1544,0,NS,SS,CK
1544,1195,NS,ID,NK
1553,0,EW,SS,CK
1553,0,NS,SS,CK
1553,1184,NS,ID,NK
1558,0,EW,SS,CK
1558,0,NS,SS,CK
1558,1650,NS,ID,NK
1559,0,EW,SS,CK
1559,0,NS,SS,CK
1559,775,NS,ID,NK
1570,0,EW,SS,CK
1570,0,NS,SS,CK
1570,634,NS,ID,NK
1571,0,EW,SS,CK
1571,0,NS,SS,CK
1571,729,NS,ID,NK
1572,0,EW,SS,CK
1572,0,NS,SS,CK
1572,980,NS,ID,NK
1573,0,EW,SS,CK
1573,0,NS,SS,CK
1573,1649,NS,ID,NK
1582,0,EW,SS,CK
1582,0,NS,SS,CK
1582,848,NS,ID,NK
1587,0,EW,SS,CK
1587,0,NS,SS,CK
1587,1015,NS,ID,NK
1600,0,EW,SS,EK
1600,0,NS,SS,CK
1600,1002,NS,ID,NK
1604,0,EW,SS,CK
1604,0,NS,SS,CK
1604,1029,NS,ID,NK
1607,0,EW,SS,CK
1607,0,NS,SS,CK
1607,811,NS,ID,NK
1608,0,EW,SS,CK
1608,0,NS,SS,CK
1608,986,NS,ID,NK
1611,0,EW,SS,CK
1611,0,NS,SS,CK
1611,645,NS,ID,NK
1619,0,EW,SS,CK
1619,0,NS,SS,CK
1619,836,NS,ID,NK
1628,0,EW,SS,CK
1628,0,NS,SS,EK
1645,0,EW,SS,EK
1645,0,NS,SS,EK
1647,0,EW,SS,EK
1647,0,NS,SS,EK
1658,0,EW,SS,EK
1658,0,NS,SS,CK
1666,0,EW,SS,EK
1666,0,NS,SS,CK
1677,0,EW,SS,EK
1677,0,NS,SS,EK
1679,0,EW,SS,EK
1679,0,NS,SS,EK
1684,0,EW,SS,EK
1684,0,NS,SS,CK
1690,0,EW,SS,EK
1690,0,NS,SS,EK
1698,0,EW,SS,CK
1698,0,NS,SS,EK
1703,0,EW,SS,EK
1703,0,NS,SS,CK
1705,0,EW,SS,HK
1705,0,NS,SS,HK
1707,0,EW,SS,CK
1707,0,NS,SS,EK
1710,0,EW,SS,EK
1710,0,NS,SS,EK
1714,0,EW,SS,EK
1714,0,NS,SS,EK
1720,0,EW,SS,EK
1720,0,NS,SS,EK
1720,780,NS,ID,NK
1720,783,NS,ID,NK
1725,0,EW,SS,EK
1725,0,NS,SS,EK
1725,1152,NS,ID,NK
1726,0,EW,SS,CK
1726,0,NS,SS,EK
1726,1213,NS,ID,NK
1726,1223,NS,ID,NK
1729,0,EW,SS,EK
1729,0,NS,SS,EK
1729,1356,NS,ID,NK
1730,0,EW,SS,EK
1730,0,NS,SS,EK
1730,1444,NS,ID,NK
1737,0,EW,SS,EK
1737,0,NS,SS,EK
1737,929,NS,ID,NK
1744,0,EW,SS,CK
1744,0,NS,SS,EK
1744,1348,NS,ID,NK
1749,0,EW,SS,EK
1749,0,NS,SS,CK
1749,675,NS,ID,NK
1754,0,EW,SS,CK
1754,0,NS,SS,EK
1754,866,EW,ID,NK
1754,866,NS,ID,NK
1754,876,NS,ID,NK
1757,0,EW,SS,EK
1757,0,NS,SS,EK
1757,1018,NS,ID,NK
1757,1055,NS,ID,NK
1766,0,EW,SS,EK
1766,0,NS,SS,EK
1766,507,NS,ID,NK
1766,511,NS,ID,NK
1768,0,EW,SS,EK
1768,0,NS,SS,EK
1768,617,NS,ID,NK
1768,628,NS,ID,NK
1771,0,EW,SS,EK
1771,0,NS,SS,EK
1771,817,NS,ID,NK
1772,0,EW,SS,EK
1772,0,NS,SS,EK
1772,881,NS,ID,NK
1774,0,EW,SS,CK
1774,0,NS,SS,EK
1774,997,EW,ID,NK
1774,997,NS,ID,NK
1776,0,EW,SS,EK
1776,0,NS,SS,EK
1776,1131,NS,ID,NK
1793,0,EW,SS,EK
1793,0,NS,SS,EK
1793,1083,NS,ID,NK
1810,0,EW,SS,EK
1810,0,NS,SS,CK
1810,406,NS,ID,NK
1812,0,EW,SS,EK
1812,0,NS,SS,EK
1813,0,EW,SS,EK
1813,0,NS,SS,EK
1821,0,EW,SS,EK
1821,0,NS,SS,EK
1823,0,EW,SS,CK
1823,0,NS,SS,EK
1829,0,EW,SS,EK
1829,0,NS,SS,EK
1831,0,EW,SS,EK
1831,0,NS,SS,EK
1832,0,EW,SS,EK
1832,0,NS,SS,EK
1833,0,EW,SS,EK
1833,0,NS,SS,EK
1834,0,EW,SS,EK
1834,0,NS,SS,CK
1841,0,EW,SS,EK
1841,0,NS,SS,EK
1842,0,EW,SS,EK
1842,0,NS,SS,EK
1851,0,EW,SS,EK
1851,0,NS,SS,EK
1854,0,EW,SS,EK
1854,0,NS,SS,EK
1856,0,EW,SS,EK
1856,0,NS,SS,EK
1857,0,EW,SS,CK
1857,0,NS,SS,EK
1865,0,EW,SS,EK
1865,0,NS,SS,EK
1871,0,EW,SS,EK
1871,0,NS,SS,CK
1874,0,EW,SS,EK
1874,0,NS,SS,EK
1876,0,EW,SS,CK
1876,0,NS,SS,EK
1882,0,EW,SS,EK
1882,0,NS,SS,EK
1885,0,EW,SS,CK
1885,0,NS,SS,EK
1888,0,EW,SS,EK
1888,0,NS,SS,EK
1889,0,EW,SS,EK
1889,0,NS,SS,CK
1890,0,EW,SS,EK
1890,0,NS,SS,CK
1895,0,EW,SS,EK
1895,0,NS,SS,EK
1897,0,EW,SS,EK
1897,0,NS,SS,EK
